<?xml version="1.0" encoding="ISO-8859-1"?>
<?xml-stylesheet type='text/xsl' href="define2-0-0.xsl"?>
<ODM 
xmlns:xlink="http://www.w3.org/1999/xlink" 
xmlns="http://www.cdisc.org/ns/odm/v1.3" 
xmlns:def="http://www.cdisc.org/ns/def/v2.0" 
ODMVersion="1.3.2" 
FileOID="www.cdisc.org.GBCK-Define-XML_2.0.0" 
FileType='Snapshot'
Originator='Eli Lilly'
CreationDateTime="14APR2015:10:18:55"
>
<Study OID="GBCK">
<GlobalVariables>
<StudyName>GBCK</StudyName>
<StudyDescription>GBCK Description</StudyDescription>
<ProtocolName>GBCK protocol</ProtocolName>
</GlobalVariables>
<MetaDataVersion 
OID="MDV.GBCK.SDTM3.1.2" 
Name="Study GBCK, Data Definitions" 
def:DefineVersion="2.0.0" 
def:StandardName="SDTM-IG" 
def:StandardVersion="3.1.2" 
>
<def:AnnotatedCRF>
<def:DocumentRef leafID="LF.crf1"/>
</def:AnnotatedCRF>
<def:leaf ID="LF.crf1" xlink:href="acrf.pdf ">
<def:title>Annotated Case Report Forms</def:title>
</def:leaf>
<ItemGroupDef OID="IG.AE" Domain="AE" Name="AE" Purpose="Tabulation" 
IsReferenceData="No" Repeating="Yes" SASDatasetName="AE" def:Class="Events" def:ArchiveLocationID="LF.AE" def:Structure="One record per adverse event severity per subject (USUBJID)">
<Description> <TranslatedText xml:lang="en">Adverse Events</TranslatedText></Description>
<ItemRef ItemOID="IT.AE.STUDYID" OrderNumber="1" Mandatory="Yes" KeySequence="1"/>
<ItemRef ItemOID="IT.AE.DOMAIN" OrderNumber="2" Mandatory="Yes" />
<ItemRef ItemOID="IT.AE.USUBJID" OrderNumber="3" Mandatory="Yes" KeySequence="2"/>
<ItemRef ItemOID="IT.AE.AESEQ" OrderNumber="4" Mandatory="Yes"  MethodOID="MT.AE.AESEQ"/>
<ItemRef ItemOID="IT.AE.AEGRPID" OrderNumber="5" Mandatory="Yes" KeySequence="3"/>
<ItemRef ItemOID="IT.AE.AESPID" OrderNumber="6" Mandatory="Yes" KeySequence="4"/>
<ItemRef ItemOID="IT.AE.AETERM" OrderNumber="7" Mandatory="Yes" />
<ItemRef ItemOID="IT.AE.AELLT" OrderNumber="8" Mandatory="Yes" />
<ItemRef ItemOID="IT.AE.AELLTCD" OrderNumber="9" Mandatory="Yes" />
<ItemRef ItemOID="IT.AE.AEDECOD" OrderNumber="10" Mandatory="Yes" />
<ItemRef ItemOID="IT.AE.AEPTCD" OrderNumber="11" Mandatory="Yes" />
<ItemRef ItemOID="IT.AE.AEHLT" OrderNumber="12" Mandatory="Yes" />
<ItemRef ItemOID="IT.AE.AEHLTCD" OrderNumber="13" Mandatory="Yes" />
<ItemRef ItemOID="IT.AE.AEHLGT" OrderNumber="14" Mandatory="Yes" />
<ItemRef ItemOID="IT.AE.AEHLGTCD" OrderNumber="15" Mandatory="Yes" />
<ItemRef ItemOID="IT.AE.AECAT" OrderNumber="16" Mandatory="No" />
<ItemRef ItemOID="IT.AE.AESCAT" OrderNumber="17" Mandatory="No" />
<ItemRef ItemOID="IT.AE.AEPRESP" OrderNumber="18" Mandatory="No" />
<ItemRef ItemOID="IT.AE.AEBODSYS" OrderNumber="19" Mandatory="Yes" />
<ItemRef ItemOID="IT.AE.AEBDSYCD" OrderNumber="20" Mandatory="Yes" />
<ItemRef ItemOID="IT.AE.AESOC" OrderNumber="21" Mandatory="Yes" />
<ItemRef ItemOID="IT.AE.AESOCCD" OrderNumber="22" Mandatory="Yes" />
<ItemRef ItemOID="IT.AE.AESEV" OrderNumber="23" Mandatory="No" />
<ItemRef ItemOID="IT.AE.AESER" OrderNumber="24" Mandatory="No" />
<ItemRef ItemOID="IT.AE.AEACN" OrderNumber="25" Mandatory="No" />
<ItemRef ItemOID="IT.AE.AEREL" OrderNumber="26" Mandatory="No" />
<ItemRef ItemOID="IT.AE.AERELNST" OrderNumber="27" Mandatory="No" />
<ItemRef ItemOID="IT.AE.AEOUT" OrderNumber="28" Mandatory="No" />
<ItemRef ItemOID="IT.AE.AESCONG" OrderNumber="29" Mandatory="No" />
<ItemRef ItemOID="IT.AE.AESDISAB" OrderNumber="30" Mandatory="No" />
<ItemRef ItemOID="IT.AE.AESDTH" OrderNumber="31" Mandatory="No" />
<ItemRef ItemOID="IT.AE.AESHOSP" OrderNumber="32" Mandatory="No" />
<ItemRef ItemOID="IT.AE.AESLIFE" OrderNumber="33" Mandatory="No" />
<ItemRef ItemOID="IT.AE.AESMIE" OrderNumber="34" Mandatory="No" />
<ItemRef ItemOID="IT.AE.AETOXGR" OrderNumber="35" Mandatory="No" />
<ItemRef ItemOID="IT.AE.EPOCH" OrderNumber="36" Mandatory="No"  MethodOID="MT.AE.EPOCH"/>
<ItemRef ItemOID="IT.AE.AESTDTC" OrderNumber="37" Mandatory="Yes" KeySequence="5"/>
<ItemRef ItemOID="IT.AE.AEENDTC" OrderNumber="38" Mandatory="No" />
<ItemRef ItemOID="IT.AE.AESTDY" OrderNumber="39" Mandatory="No"  MethodOID="MT.AE.AESTDY"/>
<ItemRef ItemOID="IT.AE.AEENDY" OrderNumber="40" Mandatory="No"  MethodOID="MT.AE.AEENDY"/>
<ItemRef ItemOID="IT.AE.AEENRF" OrderNumber="41" Mandatory="No" />
<def:leaf ID="LF.AE" xlink:href="AE.xpt">
<def:title>AE.xpt</def:title>
</def:leaf>
</ItemGroupDef>

<ItemGroupDef OID="IG.DM" Domain="DM" Name="DM" Purpose="Tabulation" 
IsReferenceData="No" Repeating="No" SASDatasetName="DM" def:Class="Special Purpose Domains" def:ArchiveLocationID="LF.DM" def:Structure="One record per unique subject id (USUBJID)">
<Description> <TranslatedText xml:lang="en">Demographics</TranslatedText></Description>
<ItemRef ItemOID="IT.DM.STUDYID" OrderNumber="1" Mandatory="Yes" KeySequence="1"/>
<ItemRef ItemOID="IT.DM.DOMAIN" OrderNumber="2" Mandatory="Yes" />
<ItemRef ItemOID="IT.DM.USUBJID" OrderNumber="3" Mandatory="Yes" KeySequence="2"/>
<ItemRef ItemOID="IT.DM.SUBJID" OrderNumber="4" Mandatory="Yes" />
<ItemRef ItemOID="IT.DM.RFSTDTC" OrderNumber="5" Mandatory="No"  MethodOID="MT.DM.RFSTDTC"/>
<ItemRef ItemOID="IT.DM.RFENDTC" OrderNumber="6" Mandatory="No"  MethodOID="MT.DM.RFENDTC"/>
<ItemRef ItemOID="IT.DM.RFXSTDTC" OrderNumber="7" Mandatory="No" />
<ItemRef ItemOID="IT.DM.RFXENDTC" OrderNumber="8" Mandatory="No" />
<ItemRef ItemOID="IT.DM.RFICDTC" OrderNumber="9" Mandatory="No" />
<ItemRef ItemOID="IT.DM.RFPENDTC" OrderNumber="10" Mandatory="No" />
<ItemRef ItemOID="IT.DM.DTHDTC" OrderNumber="11" Mandatory="No" />
<ItemRef ItemOID="IT.DM.DTHFL" OrderNumber="12" Mandatory="No"  MethodOID="MT.DM.DTHFL"/>
<ItemRef ItemOID="IT.DM.SITEID" OrderNumber="13" Mandatory="Yes" />
<ItemRef ItemOID="IT.DM.INVID" OrderNumber="14" Mandatory="Yes" />
<ItemRef ItemOID="IT.DM.INVNAM" OrderNumber="15" Mandatory="Yes" />
<ItemRef ItemOID="IT.DM.BRTHDTC" OrderNumber="16" Mandatory="Yes" />
<ItemRef ItemOID="IT.DM.AGE" OrderNumber="17" Mandatory="No"  MethodOID="MT.DM.AGE"/>
<ItemRef ItemOID="IT.DM.AGEU" OrderNumber="18" Mandatory="No" />
<ItemRef ItemOID="IT.DM.SEX" OrderNumber="19" Mandatory="Yes" />
<ItemRef ItemOID="IT.DM.RACE" OrderNumber="20" Mandatory="Yes" />
<ItemRef ItemOID="IT.DM.ETHNIC" OrderNumber="21" Mandatory="No" />
<ItemRef ItemOID="IT.DM.ARMCD" OrderNumber="22" Mandatory="Yes" />
<ItemRef ItemOID="IT.DM.ARM" OrderNumber="23" Mandatory="Yes" />
<ItemRef ItemOID="IT.DM.ACTARMCD" OrderNumber="24" Mandatory="Yes" />
<ItemRef ItemOID="IT.DM.ACTARM" OrderNumber="25" Mandatory="Yes" />
<ItemRef ItemOID="IT.DM.COUNTRY" OrderNumber="26" Mandatory="Yes" />
<def:leaf ID="LF.DM" xlink:href="DM.xpt">
<def:title>DM.xpt</def:title>
</def:leaf>
</ItemGroupDef>

<ItemDef OID="IT.AE.STUDYID" Name="STUDYID" DataType="text" Length="12" SASFieldName="STUDYID" >
<Description> <TranslatedText xml:lang="en">Study Identifier</TranslatedText></Description>
<def:Origin Type="Assigned"/>
</ItemDef>

<ItemDef OID="IT.AE.DOMAIN" Name="DOMAIN" DataType="text" Length="2" SASFieldName="DOMAIN" >
<Description> <TranslatedText xml:lang="en">Domain Abbreviation</TranslatedText></Description>
<def:Origin Type="Assigned"/>
</ItemDef>

<ItemDef OID="IT.AE.USUBJID" Name="USUBJID" DataType="text" Length="22" SASFieldName="USUBJID" >
<Description> <TranslatedText xml:lang="en">Unique Subject Identifier</TranslatedText></Description>
<def:Origin Type="Assigned"/>
</ItemDef>

<ItemDef OID="IT.AE.AESEQ" Name="AESEQ" DataType="integer" Length="8" SASFieldName="AESEQ" >
<Description> <TranslatedText xml:lang="en">Sequence Number</TranslatedText></Description>
<def:Origin Type="Derived"/>
</ItemDef>

<ItemDef OID="IT.AE.AEGRPID" Name="AEGRPID" DataType="text" Length="4" SASFieldName="AEGRPID" >
<Description> <TranslatedText xml:lang="en">Group ID</TranslatedText></Description>
<def:Origin Type="CRF">
<def:DocumentRef leafID="LF.crf1">
<def:PDFPageRef PageRefs="7" Type="PhysicalRef"/>
</def:DocumentRef>
</def:Origin>
</ItemDef>

<ItemDef OID="IT.AE.AESPID" Name="AESPID" DataType="text" Length="4" SASFieldName="AESPID" >
<Description> <TranslatedText xml:lang="en">Sponsor-Defined Identifier</TranslatedText></Description>
<def:Origin Type="Assigned"/>
</ItemDef>

<ItemDef OID="IT.AE.AETERM" Name="AETERM" DataType="text" Length="200" SASFieldName="AETERM" >
<Description> <TranslatedText xml:lang="en">Reported Term for the Adverse Event</TranslatedText></Description>
<def:Origin Type="CRF">
<def:DocumentRef leafID="LF.crf1">
<def:PDFPageRef PageRefs="7" Type="PhysicalRef"/>
</def:DocumentRef>
</def:Origin>
</ItemDef>

<ItemDef OID="IT.AE.AELLT" Name="AELLT" DataType="text" Length="200" SASFieldName="AELLT" >
<Description> <TranslatedText xml:lang="en">Lowest Level Term</TranslatedText></Description>
<def:Origin Type="Assigned"/>
<CodeListRef CodeListOID="CL.MEDDRA14"/>
</ItemDef>

<ItemDef OID="IT.AE.AELLTCD" Name="AELLTCD" DataType="integer" Length="8" SASFieldName="AELLTCD" >
<Description> <TranslatedText xml:lang="en">Lowest Level Term Code</TranslatedText></Description>
<def:Origin Type="Assigned"/>
<CodeListRef CodeListOID="CL.MEDDRA14"/>
</ItemDef>

<ItemDef OID="IT.AE.AEDECOD" Name="AEDECOD" DataType="text" Length="200" SASFieldName="AEDECOD" >
<Description> <TranslatedText xml:lang="en">Dictionary-Derived Term</TranslatedText></Description>
<def:Origin Type="Assigned"/>
<CodeListRef CodeListOID="CL.MEDDRA14"/>
</ItemDef>

<ItemDef OID="IT.AE.AEPTCD" Name="AEPTCD" DataType="integer" Length="8" SASFieldName="AEPTCD" >
<Description> <TranslatedText xml:lang="en">Preferred Term Code</TranslatedText></Description>
<def:Origin Type="Assigned"/>
<CodeListRef CodeListOID="CL.MEDDRA14"/>
</ItemDef>

<ItemDef OID="IT.AE.AEHLT" Name="AEHLT" DataType="text" Length="200" SASFieldName="AEHLT" >
<Description> <TranslatedText xml:lang="en">High Level Term</TranslatedText></Description>
<def:Origin Type="Assigned"/>
<CodeListRef CodeListOID="CL.MEDDRA14"/>
</ItemDef>

<ItemDef OID="IT.AE.AEHLTCD" Name="AEHLTCD" DataType="integer" Length="8" SASFieldName="AEHLTCD" >
<Description> <TranslatedText xml:lang="en">High Level Term Code</TranslatedText></Description>
<def:Origin Type="Assigned"/>
<CodeListRef CodeListOID="CL.MEDDRA14"/>
</ItemDef>

<ItemDef OID="IT.AE.AEHLGT" Name="AEHLGT" DataType="text" Length="200" SASFieldName="AEHLGT" >
<Description> <TranslatedText xml:lang="en">High Level Group Term</TranslatedText></Description>
<def:Origin Type="Assigned"/>
<CodeListRef CodeListOID="CL.MEDDRA14"/>
</ItemDef>

<ItemDef OID="IT.AE.AEHLGTCD" Name="AEHLGTCD" DataType="integer" Length="8" SASFieldName="AEHLGTCD" >
<Description> <TranslatedText xml:lang="en">High Level Group Term Code</TranslatedText></Description>
<def:Origin Type="Assigned"/>
<CodeListRef CodeListOID="CL.MEDDRA14"/>
</ItemDef>

<ItemDef OID="IT.AE.AECAT" Name="AECAT" DataType="text" Length="100" SASFieldName="AECAT" >
<Description> <TranslatedText xml:lang="en">Category for Adverse Event</TranslatedText></Description>
<def:Origin Type="Assigned"/>
<CodeListRef CodeListOID="CL.AECAT"/>
</ItemDef>

<ItemDef OID="IT.AE.AESCAT" Name="AESCAT" DataType="text" Length="100" SASFieldName="AESCAT" >
<Description> <TranslatedText xml:lang="en">Subcategory for Adverse Event</TranslatedText></Description>
<def:Origin Type="Assigned"/>
</ItemDef>

<ItemDef OID="IT.AE.AEPRESP" Name="AEPRESP" DataType="text" Length="1" SASFieldName="AEPRESP" >
<Description> <TranslatedText xml:lang="en">Pre-Specified Adverse Event</TranslatedText></Description>
<def:Origin Type="Assigned"/>
<CodeListRef CodeListOID="CL.NY_Y"/>
</ItemDef>

<ItemDef OID="IT.AE.AEBODSYS" Name="AEBODSYS" DataType="text" Length="100" SASFieldName="AEBODSYS" >
<Description> <TranslatedText xml:lang="en">Body System or Organ Class</TranslatedText></Description>
<def:Origin Type="Assigned"/>
<CodeListRef CodeListOID="CL.MEDDRA14"/>
</ItemDef>

<ItemDef OID="IT.AE.AEBDSYCD" Name="AEBDSYCD" DataType="integer" Length="8" SASFieldName="AEBDSYCD" >
<Description> <TranslatedText xml:lang="en">Body System or Organ Class Code</TranslatedText></Description>
<def:Origin Type="Assigned"/>
<CodeListRef CodeListOID="CL.MEDDRA14"/>
</ItemDef>

<ItemDef OID="IT.AE.AESOC" Name="AESOC" DataType="text" Length="100" SASFieldName="AESOC" >
<Description> <TranslatedText xml:lang="en">Primary System Organ Class</TranslatedText></Description>
<def:Origin Type="Assigned"/>
<CodeListRef CodeListOID="CL.MEDDRA14"/>
</ItemDef>

<ItemDef OID="IT.AE.AESOCCD" Name="AESOCCD" DataType="integer" Length="8" SASFieldName="AESOCCD" >
<Description> <TranslatedText xml:lang="en">Primary System Organ Class Code</TranslatedText></Description>
<def:Origin Type="Assigned"/>
<CodeListRef CodeListOID="CL.MEDDRA14"/>
</ItemDef>

<ItemDef OID="IT.AE.AESEV" Name="AESEV" DataType="text" Length="8" SASFieldName="AESEV" >
<Description> <TranslatedText xml:lang="en">Severity/Intensity</TranslatedText></Description>
<def:Origin Type="CRF">
<def:DocumentRef leafID="LF.crf1">
<def:PDFPageRef PageRefs="7" Type="PhysicalRef"/>
</def:DocumentRef>
</def:Origin>
<CodeListRef CodeListOID="CL.AESEV"/>
</ItemDef>

<ItemDef OID="IT.AE.AESER" Name="AESER" DataType="text" Length="1" SASFieldName="AESER" >
<Description> <TranslatedText xml:lang="en">Serious Event</TranslatedText></Description>
<def:Origin Type="CRF">
<def:DocumentRef leafID="LF.crf1">
<def:PDFPageRef PageRefs="7" Type="PhysicalRef"/>
</def:DocumentRef>
</def:Origin>
<CodeListRef CodeListOID="CL.NY"/>
</ItemDef>

<ItemDef OID="IT.AE.AEACN" Name="AEACN" DataType="text" Length="20" SASFieldName="AEACN" >
<Description> <TranslatedText xml:lang="en">Action Taken with Study Treatment</TranslatedText></Description>
<def:Origin Type="Assigned"/>
<CodeListRef CodeListOID="CL.AEACN"/>
</ItemDef>

<ItemDef OID="IT.AE.AEREL" Name="AEREL" DataType="text" Length="20" SASFieldName="AEREL" >
<Description> <TranslatedText xml:lang="en">Causality</TranslatedText></Description>
<def:Origin Type="CRF">
<def:DocumentRef leafID="LF.crf1">
<def:PDFPageRef PageRefs="7" Type="PhysicalRef"/>
</def:DocumentRef>
</def:Origin>
<CodeListRef CodeListOID="CL.NY"/>
</ItemDef>

<ItemDef OID="IT.AE.AERELNST" Name="AERELNST" DataType="text" Length="100" SASFieldName="AERELNST" >
<Description> <TranslatedText xml:lang="en">Relationship to Non-Study Treatment</TranslatedText></Description>
<def:Origin Type="CRF">
<def:DocumentRef leafID="LF.crf1">
<def:PDFPageRef PageRefs="7" Type="PhysicalRef"/>
</def:DocumentRef>
</def:Origin>
<CodeListRef CodeListOID="CL2.AERELNST"/>
</ItemDef>

<ItemDef OID="IT.AE.AEOUT" Name="AEOUT" DataType="text" Length="32" SASFieldName="AEOUT" >
<Description> <TranslatedText xml:lang="en">Outcome of Adverse Event</TranslatedText></Description>
<def:Origin Type="CRF">
<def:DocumentRef leafID="LF.crf1">
<def:PDFPageRef PageRefs="7" Type="PhysicalRef"/>
</def:DocumentRef>
</def:Origin>
<CodeListRef CodeListOID="CL.OUT"/>
</ItemDef>

<ItemDef OID="IT.AE.AESCONG" Name="AESCONG" DataType="text" Length="1" SASFieldName="AESCONG" >
<Description> <TranslatedText xml:lang="en">Congenital Anomaly or Birth Defect</TranslatedText></Description>
<def:Origin Type="CRF">
<def:DocumentRef leafID="LF.crf1">
<def:PDFPageRef PageRefs="7" Type="PhysicalRef"/>
</def:DocumentRef>
</def:Origin>
<CodeListRef CodeListOID="CL.NY_Y"/>
</ItemDef>

<ItemDef OID="IT.AE.AESDISAB" Name="AESDISAB" DataType="text" Length="1" SASFieldName="AESDISAB" >
<Description> <TranslatedText xml:lang="en">Persist or Signif Disability/Incapacity</TranslatedText></Description>
<def:Origin Type="CRF">
<def:DocumentRef leafID="LF.crf1">
<def:PDFPageRef PageRefs="7" Type="PhysicalRef"/>
</def:DocumentRef>
</def:Origin>
<CodeListRef CodeListOID="CL.NY_Y"/>
</ItemDef>

<ItemDef OID="IT.AE.AESDTH" Name="AESDTH" DataType="text" Length="1" SASFieldName="AESDTH" >
<Description> <TranslatedText xml:lang="en">Results in Death</TranslatedText></Description>
<def:Origin Type="CRF">
<def:DocumentRef leafID="LF.crf1">
<def:PDFPageRef PageRefs="7" Type="PhysicalRef"/>
</def:DocumentRef>
</def:Origin>
<CodeListRef CodeListOID="CL.NY_Y"/>
</ItemDef>

<ItemDef OID="IT.AE.AESHOSP" Name="AESHOSP" DataType="text" Length="1" SASFieldName="AESHOSP" >
<Description> <TranslatedText xml:lang="en">Requires or Prolongs Hospitalization</TranslatedText></Description>
<def:Origin Type="CRF">
<def:DocumentRef leafID="LF.crf1">
<def:PDFPageRef PageRefs="7" Type="PhysicalRef"/>
</def:DocumentRef>
</def:Origin>
<CodeListRef CodeListOID="CL.NY_Y"/>
</ItemDef>

<ItemDef OID="IT.AE.AESLIFE" Name="AESLIFE" DataType="text" Length="1" SASFieldName="AESLIFE" >
<Description> <TranslatedText xml:lang="en">Is Life Threatening</TranslatedText></Description>
<def:Origin Type="CRF">
<def:DocumentRef leafID="LF.crf1">
<def:PDFPageRef PageRefs="7" Type="PhysicalRef"/>
</def:DocumentRef>
</def:Origin>
<CodeListRef CodeListOID="CL.NY_Y"/>
</ItemDef>

<ItemDef OID="IT.AE.AESMIE" Name="AESMIE" DataType="text" Length="1" SASFieldName="AESMIE" >
<Description> <TranslatedText xml:lang="en">Other Medically Important Serious Event</TranslatedText></Description>
<def:Origin Type="CRF">
<def:DocumentRef leafID="LF.crf1">
<def:PDFPageRef PageRefs="7" Type="PhysicalRef"/>
</def:DocumentRef>
</def:Origin>
<CodeListRef CodeListOID="CL.NY_Y"/>
</ItemDef>

<ItemDef OID="IT.AE.AETOXGR" Name="AETOXGR" DataType="text" Length="1" SASFieldName="AETOXGR" >
<Description> <TranslatedText xml:lang="en">Standard Toxicity Grade</TranslatedText></Description>
<def:Origin Type="Assigned"/>
<CodeListRef CodeListOID="CL.TOXGRV4"/>
</ItemDef>

<ItemDef OID="IT.AE.EPOCH" Name="EPOCH" DataType="text" Length="50" SASFieldName="EPOCH" >
<Description> <TranslatedText xml:lang="en">Epoch</TranslatedText></Description>
<def:Origin Type="Derived"/>
<CodeListRef CodeListOID="CL4.EPOCH"/>
</ItemDef>

<ItemDef OID="IT.AE.AESTDTC" Name="AESTDTC" DataType="date" Length="20" SASFieldName="AESTDTC" >
<Description> <TranslatedText xml:lang="en">Start Date/Time of Adverse Event</TranslatedText></Description>
<def:Origin Type="CRF">
<def:DocumentRef leafID="LF.crf1">
<def:PDFPageRef PageRefs="7" Type="PhysicalRef"/>
</def:DocumentRef>
</def:Origin>
</ItemDef>

<ItemDef OID="IT.AE.AEENDTC" Name="AEENDTC" DataType="date" Length="20" SASFieldName="AEENDTC" >
<Description> <TranslatedText xml:lang="en">End Date/Time of Adverse Event</TranslatedText></Description>
<def:Origin Type="CRF">
<def:DocumentRef leafID="LF.crf1">
<def:PDFPageRef PageRefs="7" Type="PhysicalRef"/>
</def:DocumentRef>
</def:Origin>
</ItemDef>

<ItemDef OID="IT.AE.AESTDY" Name="AESTDY" DataType="integer" Length="8" SASFieldName="AESTDY" >
<Description> <TranslatedText xml:lang="en">Study Day of Start of Adverse Event</TranslatedText></Description>
<def:Origin Type="Derived"/>
</ItemDef>

<ItemDef OID="IT.AE.AEENDY" Name="AEENDY" DataType="integer" Length="8" SASFieldName="AEENDY" >
<Description> <TranslatedText xml:lang="en">Study Day of End of Adverse Event</TranslatedText></Description>
<def:Origin Type="Derived"/>
</ItemDef>

<ItemDef OID="IT.AE.AEENRF" Name="AEENRF" DataType="text" Length="12" SASFieldName="AEENRF" >
<Description> <TranslatedText xml:lang="en">End Relative to Reference Period</TranslatedText></Description>
<def:Origin Type="CRF">
<def:DocumentRef leafID="LF.crf1">
<def:PDFPageRef PageRefs="7" Type="PhysicalRef"/>
</def:DocumentRef>
</def:Origin>
<CodeListRef CodeListOID="CL3.STENRF"/>
</ItemDef>

<ItemDef OID="IT.DM.STUDYID" Name="STUDYID" DataType="text" Length="12" SASFieldName="STUDYID" >
<Description> <TranslatedText xml:lang="en">Study Identifier</TranslatedText></Description>
<def:Origin Type="eDT"/>
</ItemDef>

<ItemDef OID="IT.DM.DOMAIN" Name="DOMAIN" DataType="text" Length="2" SASFieldName="DOMAIN" >
<Description> <TranslatedText xml:lang="en">Domain Abbreviation</TranslatedText></Description>
<def:Origin Type="Assigned"/>
</ItemDef>

<ItemDef OID="IT.DM.USUBJID" Name="USUBJID" DataType="text" Length="22" SASFieldName="USUBJID" >
<Description> <TranslatedText xml:lang="en">Unique Subject Identifier</TranslatedText></Description>
<def:Origin Type="eDT"/>
</ItemDef>

<ItemDef OID="IT.DM.SUBJID" Name="SUBJID" DataType="text" Length="6" SASFieldName="SUBJID" >
<Description> <TranslatedText xml:lang="en">Subject Identifier for the Study</TranslatedText></Description>
<def:Origin Type="CRF">
<def:DocumentRef leafID="LF.crf1">
<def:PDFPageRef PageRefs="3" Type="PhysicalRef"/>
</def:DocumentRef>
</def:Origin>
</ItemDef>

<ItemDef OID="IT.DM.RFSTDTC" Name="RFSTDTC" DataType="text" Length="20" SASFieldName="RFSTDTC" >
<Description> <TranslatedText xml:lang="en">Subject Reference Start Date/Time</TranslatedText></Description>
<def:Origin Type="Assigned"/>
</ItemDef>

<ItemDef OID="IT.DM.RFENDTC" Name="RFENDTC" DataType="text" Length="20" SASFieldName="RFENDTC" >
<Description> <TranslatedText xml:lang="en">Subject Reference End Date/Time</TranslatedText></Description>
<def:Origin Type="Assigned"/>
</ItemDef>

<ItemDef OID="IT.DM.RFXSTDTC" Name="RFXSTDTC" DataType="text" Length="20" SASFieldName="RFXSTDTC" >
<Description> <TranslatedText xml:lang="en">Date/Time of First Study Treatment</TranslatedText></Description>
<def:Origin Type="CRF">
<def:DocumentRef leafID="LF.crf1">
<def:PDFPageRef PageRefs="9" Type="PhysicalRef"/>
</def:DocumentRef>
</def:Origin>
</ItemDef>

<ItemDef OID="IT.DM.RFXENDTC" Name="RFXENDTC" DataType="text" Length="20" SASFieldName="RFXENDTC" >
<Description> <TranslatedText xml:lang="en">Date/Time of Last Study Treatment</TranslatedText></Description>
<def:Origin Type="CRF">
<def:DocumentRef leafID="LF.crf1">
<def:PDFPageRef PageRefs="10" Type="PhysicalRef"/>
</def:DocumentRef>
</def:Origin>
</ItemDef>

<ItemDef OID="IT.DM.RFICDTC" Name="RFICDTC" DataType="text" Length="20" SASFieldName="RFICDTC" >
<Description> <TranslatedText xml:lang="en">Date/Time of Informed Consent</TranslatedText></Description>
<def:Origin Type="CRF">
<def:DocumentRef leafID="LF.crf1">
<def:PDFPageRef PageRefs="3" Type="PhysicalRef"/>
</def:DocumentRef>
</def:Origin>
</ItemDef>

<ItemDef OID="IT.DM.RFPENDTC" Name="RFPENDTC" DataType="text" Length="20" SASFieldName="RFPENDTC" >
<Description> <TranslatedText xml:lang="en">Date/Time of End of Participation</TranslatedText></Description>
<def:Origin Type="Assigned"/>
</ItemDef>

<ItemDef OID="IT.DM.DTHDTC" Name="DTHDTC" DataType="text" Length="20" SASFieldName="DTHDTC" >
<Description> <TranslatedText xml:lang="en">Date/Time of Death</TranslatedText></Description>
<def:Origin Type="CRF">
<def:DocumentRef leafID="LF.crf1">
<def:PDFPageRef PageRefs="8  11" Type="PhysicalRef"/>
</def:DocumentRef>
</def:Origin>
</ItemDef>

<ItemDef OID="IT.DM.DTHFL" Name="DTHFL" DataType="text" Length="1" SASFieldName="DTHFL" >
<Description> <TranslatedText xml:lang="en">Subject Death Flag</TranslatedText></Description>
<def:Origin Type="Derived"/>
<CodeListRef CodeListOID="CL.NY_Y"/>
</ItemDef>

<ItemDef OID="IT.DM.SITEID" Name="SITEID" DataType="text" Length="4" SASFieldName="SITEID" >
<Description> <TranslatedText xml:lang="en">Study Site Identifier</TranslatedText></Description>
<def:Origin Type="Assigned"/>
</ItemDef>

<ItemDef OID="IT.DM.INVID" Name="INVID" DataType="text" Length="8" SASFieldName="INVID" >
<Description> <TranslatedText xml:lang="en">Investigator Identifier</TranslatedText></Description>
<def:Origin Type="eDT"/>
</ItemDef>

<ItemDef OID="IT.DM.INVNAM" Name="INVNAM" DataType="text" Length="50" SASFieldName="INVNAM" >
<Description> <TranslatedText xml:lang="en">Investigator Name</TranslatedText></Description>
<def:Origin Type="eDT"/>
</ItemDef>

<ItemDef OID="IT.DM.BRTHDTC" Name="BRTHDTC" DataType="text" Length="20" SASFieldName="BRTHDTC" >
<Description> <TranslatedText xml:lang="en">Date/Time of Birth</TranslatedText></Description>
<def:Origin Type="CRF">
<def:DocumentRef leafID="LF.crf1">
<def:PDFPageRef PageRefs="4" Type="PhysicalRef"/>
</def:DocumentRef>
</def:Origin>
</ItemDef>

<ItemDef OID="IT.DM.AGE" Name="AGE" DataType="integer" Length="8" SASFieldName="AGE" >
<Description> <TranslatedText xml:lang="en">Age</TranslatedText></Description>
<def:Origin Type="Derived"/>
</ItemDef>

<ItemDef OID="IT.DM.AGEU" Name="AGEU" DataType="text" Length="6" SASFieldName="AGEU" >
<Description> <TranslatedText xml:lang="en">Age Units</TranslatedText></Description>
<def:Origin Type="Assigned"/>
<CodeListRef CodeListOID="CL3.AGEU"/>
</ItemDef>

<ItemDef OID="IT.DM.SEX" Name="SEX" DataType="text" Length="1" SASFieldName="SEX" >
<Description> <TranslatedText xml:lang="en">Sex</TranslatedText></Description>
<def:Origin Type="CRF">
<def:DocumentRef leafID="LF.crf1">
<def:PDFPageRef PageRefs="4" Type="PhysicalRef"/>
</def:DocumentRef>
</def:Origin>
<CodeListRef CodeListOID="CL.SEX"/>
</ItemDef>

<ItemDef OID="IT.DM.RACE" Name="RACE" DataType="text" Length="42" SASFieldName="RACE" >
<Description> <TranslatedText xml:lang="en">Race</TranslatedText></Description>
<def:Origin Type="CRF">
<def:DocumentRef leafID="LF.crf1">
<def:PDFPageRef PageRefs="4" Type="PhysicalRef"/>
</def:DocumentRef>
</def:Origin>
<CodeListRef CodeListOID="CL.RACE_ALL"/>
</ItemDef>

<ItemDef OID="IT.DM.ETHNIC" Name="ETHNIC" DataType="text" Length="22" SASFieldName="ETHNIC" >
<Description> <TranslatedText xml:lang="en">Ethnicity</TranslatedText></Description>
<def:Origin Type="CRF">
<def:DocumentRef leafID="LF.crf1">
<def:PDFPageRef PageRefs="4" Type="PhysicalRef"/>
</def:DocumentRef>
</def:Origin>
<CodeListRef CodeListOID="CL.ETHNIC"/>
</ItemDef>

<ItemDef OID="IT.DM.ARMCD" Name="ARMCD" DataType="text" Length="20" SASFieldName="ARMCD" >
<Description> <TranslatedText xml:lang="en">Planned Arm Code</TranslatedText></Description>
<def:Origin Type="Derived"/>
<CodeListRef CodeListOID="CL4.ARMCD"/>
</ItemDef>

<ItemDef OID="IT.DM.ARM" Name="ARM" DataType="text" Length="100" SASFieldName="ARM" >
<Description> <TranslatedText xml:lang="en">Description of Planned Arm</TranslatedText></Description>
<def:Origin Type="Derived"/>
<CodeListRef CodeListOID="CL4.ARM"/>
</ItemDef>

<ItemDef OID="IT.DM.ACTARMCD" Name="ACTARMCD" DataType="text" Length="20" SASFieldName="ACTARMCD" >
<Description> <TranslatedText xml:lang="en">Actual Arm Code</TranslatedText></Description>
<def:Origin Type="Derived"/>
<CodeListRef CodeListOID="CL4.ARMCD"/>
</ItemDef>

<ItemDef OID="IT.DM.ACTARM" Name="ACTARM" DataType="text" Length="100" SASFieldName="ACTARM" >
<Description> <TranslatedText xml:lang="en">Description of Actual Arm</TranslatedText></Description>
<def:Origin Type="Derived"/>
<CodeListRef CodeListOID="CL4.ARM"/>
</ItemDef>

<ItemDef OID="IT.DM.COUNTRY" Name="COUNTRY" DataType="text" Length="3" SASFieldName="COUNTRY" >
<Description> <TranslatedText xml:lang="en">Country</TranslatedText></Description>
<def:Origin Type="eDT"/>
<CodeListRef CodeListOID="CL.COUNTRY"/>
</ItemDef>

<MethodDef OID="MT.AE.AESEQ" Name="Algorithm to derive AE.AESEQ" Type="Computation">
<Description>
<TranslatedText xml:lang="en">
Unique number per record per subject.  Set to 1 for the first record and increment by one for the next record per subject.
</TranslatedText>
</Description>
</MethodDef>

<MethodDef OID="MT.AE.EPOCH" Name="Algorithm to derive AE.EPOCH" Type="Computation">
<Description>
<TranslatedText xml:lang="en">
Set to SE.EPOCH where SE.SESTDTC &lt;= AE.AESTDTC &lt;= SE.SEENDTC.  If AE.AESTDTC is a partial date, set to null.
</TranslatedText>
</Description>
</MethodDef>

<MethodDef OID="MT.AE.AESTDY" Name="Algorithm to derive AE.AESTDY" Type="Computation">
<Description>
<TranslatedText xml:lang="en">
If (AESTDTC &lt; DM.RFSTDTC) then AESTDY=AESTDTC-DM.RFSTDTC; Else if (AESTDTC &gt;= DM.RFSTDTC) then AESTDY=(AESTDTC-DM.RFSTDTC)+1
</TranslatedText>
</Description>
</MethodDef>

<MethodDef OID="MT.AE.AEENDY" Name="Algorithm to derive AE.AEENDY" Type="Computation">
<Description>
<TranslatedText xml:lang="en">
If (AEENDTC &lt; DM.RFSTDTC) then AEENDY=AEENDTC-DM.RFSTDTC; Else if (AEENDTC &gt;= DM.RFSTDTC) then AEENDY=(AEENDTC-DM.RFSTDTC)+1
</TranslatedText>
</Description>
</MethodDef>

<MethodDef OID="MT.DM.RFSTDTC" Name="Algorithm to derive DM.RFSTDTC" Type="Computation">
<Description>
<TranslatedText xml:lang="en">
Equivalent to date/time when subject was first exposed to study treatment.  Null for for subjects who discontinue before the first study drug dose has been administered.
</TranslatedText>
</Description>
</MethodDef>

<MethodDef OID="MT.DM.RFENDTC" Name="Algorithm to derive DM.RFENDTC" Type="Computation">
<Description>
<TranslatedText xml:lang="en">
Equivalent to date/time when the subject terminated the study either by completion, discontinuation, or death.
</TranslatedText>
</Description>
</MethodDef>

<MethodDef OID="MT.DM.DTHFL" Name="Algorithm to derive DM.DTHFL" Type="Computation">
<Description>
<TranslatedText xml:lang="en">
If a death is indicated on the CRF, then the death flag will be set to &apos;Y&apos;.  Otherwise, it will be null.
</TranslatedText>
</Description>
</MethodDef>

<MethodDef OID="MT.DM.AGE" Name="Algorithm to derive DM.AGE" Type="Computation">
<Description>
<TranslatedText xml:lang="en">
Age is based on date of birth and reference start date.  If only year is provided, then month and day is set to be July 01.  If only year nd month is provided, then set day to 15.  Age = floor((intck(&apos;month&apos;,brthdtc,rfstdtc)-(day(rfstdtc) &lt; day(brthdtc)))/12)
</TranslatedText>
</Description>
</MethodDef>

<CodeList OID ="CL.AEACN" Name="Action Taken with Study Treatment" DataType="text">
<EnumeratedItem CodedValue="DOSE NOT CHANGED">
<Alias Name="C49504" Context="nci:ExtCodeID"/>
</EnumeratedItem>
<EnumeratedItem CodedValue="NOT APPLICABLE">
<Alias Name="C48660" Context="nci:ExtCodeID"/>
</EnumeratedItem>
<EnumeratedItem CodedValue="DRUG WITHDRAWN">
<Alias Name="C49502" Context="nci:ExtCodeID"/>
</EnumeratedItem>
<EnumeratedItem CodedValue="DRUG INTERRUPTED">
<Alias Name="C49501" Context="nci:ExtCodeID"/>
</EnumeratedItem>
<Alias Name="C66767" Context="nci:ExtCodeID"/>
</CodeList>

<CodeList OID ="CL.AECAT" Name="Category for Adverse Event" DataType="text">
<CodeListItem CodedValue="ADVERSE EVENTS">
<Decode>
<TranslatedText>General Adverse Events</TranslatedText>
</Decode>
</CodeListItem>
<CodeListItem CodedValue="SPECIAL INTEREST AES">
<Decode>
<TranslatedText>Adverse Events of Special Interest</TranslatedText>
</Decode>
</CodeListItem>
</CodeList>

<CodeList OID ="CL.AESEV" Name="Severity/Intensity Scale for Adverse Events" DataType="text">
<EnumeratedItem CodedValue="MODERATE">
<Alias Name="C41339" Context="nci:ExtCodeID"/>
</EnumeratedItem>
<EnumeratedItem CodedValue="MILD">
<Alias Name="C41338" Context="nci:ExtCodeID"/>
</EnumeratedItem>
<EnumeratedItem CodedValue="SEVERE">
<Alias Name="C41340" Context="nci:ExtCodeID"/>
</EnumeratedItem>
<Alias Name="C66769" Context="nci:ExtCodeID"/>
</CodeList>

<CodeList OID ="CL.COUNTRY" Name="Country" DataType="text">
<CodeListItem CodedValue="SWZ">
<Decode>
<TranslatedText>Swaziland</TranslatedText>
</Decode>
<Alias Name="C17179" Context="nci:ExtCodeID"/>
</CodeListItem>
<CodeListItem CodedValue="KWT">
<Decode>
<TranslatedText>Kuwait</TranslatedText>
</Decode>
<Alias Name="C16775" Context="nci:ExtCodeID"/>
</CodeListItem>
<CodeListItem CodedValue="NIU">
<Decode>
<TranslatedText>Niue</TranslatedText>
</Decode>
<Alias Name="C16918" Context="nci:ExtCodeID"/>
</CodeListItem>
<CodeListItem CodedValue="USA">
<Decode>
<TranslatedText>United States</TranslatedText>
</Decode>
<Alias Name="C17234" Context="nci:ExtCodeID"/>
</CodeListItem>
<CodeListItem CodedValue="BDI">
<Decode>
<TranslatedText>Burundi</TranslatedText>
</Decode>
<Alias Name="C16371" Context="nci:ExtCodeID"/>
</CodeListItem>
<CodeListItem CodedValue="LIE">
<Decode>
<TranslatedText>Liechtenstein</TranslatedText>
</Decode>
<Alias Name="C16794" Context="nci:ExtCodeID"/>
</CodeListItem>
<CodeListItem CodedValue="PNG">
<Decode>
<TranslatedText>Papua New Guinea</TranslatedText>
</Decode>
<Alias Name="C16952" Context="nci:ExtCodeID"/>
</CodeListItem>
<CodeListItem CodedValue="SRB">
<Decode>
<TranslatedText>Serbia</TranslatedText>
</Decode>
<Alias Name="C64377" Context="nci:ExtCodeID"/>
</CodeListItem>
<CodeListItem CodedValue="ZWE">
<Decode>
<TranslatedText>Zimbabwe</TranslatedText>
</Decode>
<Alias Name="C17268" Context="nci:ExtCodeID"/>
</CodeListItem>
<CodeListItem CodedValue="SVK">
<Decode>
<TranslatedText>Slovakia</TranslatedText>
</Decode>
<Alias Name="C17669" Context="nci:ExtCodeID"/>
</CodeListItem>
<CodeListItem CodedValue="ALA">
<Decode>
<TranslatedText>Aland Islands</TranslatedText>
</Decode>
<Alias Name="C44481" Context="nci:ExtCodeID"/>
</CodeListItem>
<CodeListItem CodedValue="QAT">
<Decode>
<TranslatedText>Qatar</TranslatedText>
</Decode>
<Alias Name="C17045" Context="nci:ExtCodeID"/>
</CodeListItem>
<CodeListItem CodedValue="MDV">
<Decode>
<TranslatedText>Maldives</TranslatedText>
</Decode>
<Alias Name="C16815" Context="nci:ExtCodeID"/>
</CodeListItem>
<CodeListItem CodedValue="SPM">
<Decode>
<TranslatedText>Saint Pierre and Miquelon</TranslatedText>
</Decode>
<Alias Name="C17165" Context="nci:ExtCodeID"/>
</CodeListItem>
<CodeListItem CodedValue="ALB">
<Decode>
<TranslatedText>Albania</TranslatedText>
</Decode>
<Alias Name="C16271" Context="nci:ExtCodeID"/>
</CodeListItem>
<CodeListItem CodedValue="TJK">
<Decode>
<TranslatedText>Tajikistan</TranslatedText>
</Decode>
<Alias Name="C17183" Context="nci:ExtCodeID"/>
</CodeListItem>
<CodeListItem CodedValue="IRN">
<Decode>
<TranslatedText>Iran, Islamic Republic of</TranslatedText>
</Decode>
<Alias Name="C16755" Context="nci:ExtCodeID"/>
</CodeListItem>
<CodeListItem CodedValue="NER">
<Decode>
<TranslatedText>Niger</TranslatedText>
</Decode>
<Alias Name="C16916" Context="nci:ExtCodeID"/>
</CodeListItem>
<CodeListItem CodedValue="MWI">
<Decode>
<TranslatedText>Malawi</TranslatedText>
</Decode>
<Alias Name="C16813" Context="nci:ExtCodeID"/>
</CodeListItem>
<CodeListItem CodedValue="BTN">
<Decode>
<TranslatedText>Bhutan</TranslatedText>
</Decode>
<Alias Name="C16336" Context="nci:ExtCodeID"/>
</CodeListItem>
<CodeListItem CodedValue="CXR">
<Decode>
<TranslatedText>Christmas Island</TranslatedText>
</Decode>
<Alias Name="C44482" Context="nci:ExtCodeID"/>
</CodeListItem>
<CodeListItem CodedValue="MNE">
<Decode>
<TranslatedText>Montenegro</TranslatedText>
</Decode>
<Alias Name="C64378" Context="nci:ExtCodeID"/>
</CodeListItem>
<CodeListItem CodedValue="MDG">
<Decode>
<TranslatedText>Madagascar</TranslatedText>
</Decode>
<Alias Name="C16808" Context="nci:ExtCodeID"/>
</CodeListItem>
<CodeListItem CodedValue="FJI">
<Decode>
<TranslatedText>Fiji</TranslatedText>
</Decode>
<Alias Name="C16582" Context="nci:ExtCodeID"/>
</CodeListItem>
<CodeListItem CodedValue="MKD">
<Decode>
<TranslatedText>Macedonia, the Former Yugoslav Republic of</TranslatedText>
</Decode>
<Alias Name="C17654" Context="nci:ExtCodeID"/>
</CodeListItem>
<CodeListItem CodedValue="CAN">
<Decode>
<TranslatedText>Canada</TranslatedText>
</Decode>
<Alias Name="C16380" Context="nci:ExtCodeID"/>
</CodeListItem>
<CodeListItem CodedValue="MRT">
<Decode>
<TranslatedText>Mauritania</TranslatedText>
</Decode>
<Alias Name="C16826" Context="nci:ExtCodeID"/>
</CodeListItem>
<CodeListItem CodedValue="VNM">
<Decode>
<TranslatedText>Viet Nam</TranslatedText>
</Decode>
<Alias Name="C17252" Context="nci:ExtCodeID"/>
</CodeListItem>
<CodeListItem CodedValue="GGY">
<Decode>
<TranslatedText>Guernsey</TranslatedText>
</Decode>
<Alias Name="C64375" Context="nci:ExtCodeID"/>
</CodeListItem>
<CodeListItem CodedValue="AUT">
<Decode>
<TranslatedText>Austria</TranslatedText>
</Decode>
<Alias Name="C16312" Context="nci:ExtCodeID"/>
</CodeListItem>
<CodeListItem CodedValue="TWN">
<Decode>
<TranslatedText>Taiwan, Province of China</TranslatedText>
</Decode>
<Alias Name="C17184" Context="nci:ExtCodeID"/>
</CodeListItem>
<CodeListItem CodedValue="ZMB">
<Decode>
<TranslatedText>Zambia</TranslatedText>
</Decode>
<Alias Name="C17267" Context="nci:ExtCodeID"/>
</CodeListItem>
<CodeListItem CodedValue="SDN">
<Decode>
<TranslatedText>Sudan</TranslatedText>
</Decode>
<Alias Name="C17170" Context="nci:ExtCodeID"/>
</CodeListItem>
<CodeListItem CodedValue="COM">
<Decode>
<TranslatedText>Comoros</TranslatedText>
</Decode>
<Alias Name="C16458" Context="nci:ExtCodeID"/>
</CodeListItem>
<CodeListItem CodedValue="PRT">
<Decode>
<TranslatedText>Portugal</TranslatedText>
</Decode>
<Alias Name="C17006" Context="nci:ExtCodeID"/>
</CodeListItem>
<CodeListItem CodedValue="GLP">
<Decode>
<TranslatedText>Guadeloupe</TranslatedText>
</Decode>
<Alias Name="C16651" Context="nci:ExtCodeID"/>
</CodeListItem>
<CodeListItem CodedValue="TUR">
<Decode>
<TranslatedText>Turkey</TranslatedText>
</Decode>
<Alias Name="C17222" Context="nci:ExtCodeID"/>
</CodeListItem>
<CodeListItem CodedValue="DNK">
<Decode>
<TranslatedText>Denmark</TranslatedText>
</Decode>
<Alias Name="C16496" Context="nci:ExtCodeID"/>
</CodeListItem>
<CodeListItem CodedValue="SLE">
<Decode>
<TranslatedText>Sierra Leone</TranslatedText>
</Decode>
<Alias Name="C17130" Context="nci:ExtCodeID"/>
</CodeListItem>
<CodeListItem CodedValue="JPN">
<Decode>
<TranslatedText>Japan</TranslatedText>
</Decode>
<Alias Name="C16764" Context="nci:ExtCodeID"/>
</CodeListItem>
<CodeListItem CodedValue="SUR">
<Decode>
<TranslatedText>Suriname</TranslatedText>
</Decode>
<Alias Name="C17175" Context="nci:ExtCodeID"/>
</CodeListItem>
<CodeListItem CodedValue="BRA">
<Decode>
<TranslatedText>Brazil</TranslatedText>
</Decode>
<Alias Name="C16364" Context="nci:ExtCodeID"/>
</CodeListItem>
<CodeListItem CodedValue="TCA">
<Decode>
<TranslatedText>Turks and Caicos Islands</TranslatedText>
</Decode>
<Alias Name="C17224" Context="nci:ExtCodeID"/>
</CodeListItem>
<CodeListItem CodedValue="LSO">
<Decode>
<TranslatedText>Lesotho</TranslatedText>
</Decode>
<Alias Name="C16787" Context="nci:ExtCodeID"/>
</CodeListItem>
<CodeListItem CodedValue="PAN">
<Decode>
<TranslatedText>Panama</TranslatedText>
</Decode>
<Alias Name="C16951" Context="nci:ExtCodeID"/>
</CodeListItem>
<CodeListItem CodedValue="DJI">
<Decode>
<TranslatedText>Djibouti</TranslatedText>
</Decode>
<Alias Name="C16506" Context="nci:ExtCodeID"/>
</CodeListItem>
<CodeListItem CodedValue="PER">
<Decode>
<TranslatedText>Peru</TranslatedText>
</Decode>
<Alias Name="C16972" Context="nci:ExtCodeID"/>
</CodeListItem>
<CodeListItem CodedValue="ITA">
<Decode>
<TranslatedText>Italy</TranslatedText>
</Decode>
<Alias Name="C16761" Context="nci:ExtCodeID"/>
</CodeListItem>
<CodeListItem CodedValue="MYS">
<Decode>
<TranslatedText>Malaysia</TranslatedText>
</Decode>
<Alias Name="C16814" Context="nci:ExtCodeID"/>
</CodeListItem>
<CodeListItem CodedValue="IND">
<Decode>
<TranslatedText>India</TranslatedText>
</Decode>
<Alias Name="C16727" Context="nci:ExtCodeID"/>
</CodeListItem>
<CodeListItem CodedValue="FIN">
<Decode>
<TranslatedText>Finland</TranslatedText>
</Decode>
<Alias Name="C16584" Context="nci:ExtCodeID"/>
</CodeListItem>
<CodeListItem CodedValue="BLZ">
<Decode>
<TranslatedText>Belize</TranslatedText>
</Decode>
<Alias Name="C16331" Context="nci:ExtCodeID"/>
</CodeListItem>
<CodeListItem CodedValue="IDN">
<Decode>
<TranslatedText>Indonesia</TranslatedText>
</Decode>
<Alias Name="C16728" Context="nci:ExtCodeID"/>
</CodeListItem>
<CodeListItem CodedValue="ABW">
<Decode>
<TranslatedText>Aruba</TranslatedText>
</Decode>
<Alias Name="C17884" Context="nci:ExtCodeID"/>
</CodeListItem>
<CodeListItem CodedValue="BRN">
<Decode>
<TranslatedText>Brunei Darussalam</TranslatedText>
</Decode>
<Alias Name="C16367" Context="nci:ExtCodeID"/>
</CodeListItem>
<CodeListItem CodedValue="GEO">
<Decode>
<TranslatedText>Georgia</TranslatedText>
</Decode>
<Alias Name="C16634" Context="nci:ExtCodeID"/>
</CodeListItem>
<CodeListItem CodedValue="ATF">
<Decode>
<TranslatedText>French Southern Territories</TranslatedText>
</Decode>
<Alias Name="C20105" Context="nci:ExtCodeID"/>
</CodeListItem>
<CodeListItem CodedValue="GNQ">
<Decode>
<TranslatedText>Equatorial Guinea</TranslatedText>
</Decode>
<Alias Name="C16557" Context="nci:ExtCodeID"/>
</CodeListItem>
<CodeListItem CodedValue="ETH">
<Decode>
<TranslatedText>Ethiopia</TranslatedText>
</Decode>
<Alias Name="C16563" Context="nci:ExtCodeID"/>
</CodeListItem>
<CodeListItem CodedValue="MCO">
<Decode>
<TranslatedText>Monaco</TranslatedText>
</Decode>
<Alias Name="C16874" Context="nci:ExtCodeID"/>
</CodeListItem>
<CodeListItem CodedValue="BRB">
<Decode>
<TranslatedText>Barbados</TranslatedText>
</Decode>
<Alias Name="C16324" Context="nci:ExtCodeID"/>
</CodeListItem>
<CodeListItem CodedValue="MEX">
<Decode>
<TranslatedText>Mexico</TranslatedText>
</Decode>
<Alias Name="C16850" Context="nci:ExtCodeID"/>
</CodeListItem>
<CodeListItem CodedValue="BGR">
<Decode>
<TranslatedText>Bulgaria</TranslatedText>
</Decode>
<Alias Name="C16368" Context="nci:ExtCodeID"/>
</CodeListItem>
<CodeListItem CodedValue="MLT">
<Decode>
<TranslatedText>Malta</TranslatedText>
</Decode>
<Alias Name="C16817" Context="nci:ExtCodeID"/>
</CodeListItem>
<CodeListItem CodedValue="COD">
<Decode>
<TranslatedText>Congo, the Democratic Republic of the</TranslatedText>
</Decode>
<Alias Name="C17266" Context="nci:ExtCodeID"/>
</CodeListItem>
<CodeListItem CodedValue="MNP">
<Decode>
<TranslatedText>Northern Mariana Islands</TranslatedText>
</Decode>
<Alias Name="C17882" Context="nci:ExtCodeID"/>
</CodeListItem>
<CodeListItem CodedValue="BGD">
<Decode>
<TranslatedText>Bangladesh</TranslatedText>
</Decode>
<Alias Name="C16323" Context="nci:ExtCodeID"/>
</CodeListItem>
<CodeListItem CodedValue="MTQ">
<Decode>
<TranslatedText>Martinique</TranslatedText>
</Decode>
<Alias Name="C16823" Context="nci:ExtCodeID"/>
</CodeListItem>
<CodeListItem CodedValue="BWA">
<Decode>
<TranslatedText>Botswana</TranslatedText>
</Decode>
<Alias Name="C16363" Context="nci:ExtCodeID"/>
</CodeListItem>
<CodeListItem CodedValue="FRA">
<Decode>
<TranslatedText>France</TranslatedText>
</Decode>
<Alias Name="C16592" Context="nci:ExtCodeID"/>
</CodeListItem>
<CodeListItem CodedValue="ZAF">
<Decode>
<TranslatedText>South Africa</TranslatedText>
</Decode>
<Alias Name="C17151" Context="nci:ExtCodeID"/>
</CodeListItem>
<CodeListItem CodedValue="IOT">
<Decode>
<TranslatedText>British Indian Ocean Territory</TranslatedText>
</Decode>
<Alias Name="C16365" Context="nci:ExtCodeID"/>
</CodeListItem>
<CodeListItem CodedValue="AZE">
<Decode>
<TranslatedText>Azerbaijan</TranslatedText>
</Decode>
<Alias Name="C16316" Context="nci:ExtCodeID"/>
</CodeListItem>
<CodeListItem CodedValue="PRI">
<Decode>
<TranslatedText>Puerto Rico</TranslatedText>
</Decode>
<Alias Name="C17043" Context="nci:ExtCodeID"/>
</CodeListItem>
<CodeListItem CodedValue="VIR">
<Decode>
<TranslatedText>Virgin Islands, U.S.</TranslatedText>
</Decode>
<Alias Name="C17255" Context="nci:ExtCodeID"/>
</CodeListItem>
<CodeListItem CodedValue="SLV">
<Decode>
<TranslatedText>El Salvador</TranslatedText>
</Decode>
<Alias Name="C16532" Context="nci:ExtCodeID"/>
</CodeListItem>
<CodeListItem CodedValue="AIA">
<Decode>
<TranslatedText>Anguilla</TranslatedText>
</Decode>
<Alias Name="C20133" Context="nci:ExtCodeID"/>
</CodeListItem>
<CodeListItem CodedValue="TCD">
<Decode>
<TranslatedText>Chad</TranslatedText>
</Decode>
<Alias Name="C16412" Context="nci:ExtCodeID"/>
</CodeListItem>
<CodeListItem CodedValue="MSR">
<Decode>
<TranslatedText>Montserrat</TranslatedText>
</Decode>
<Alias Name="C16876" Context="nci:ExtCodeID"/>
</CodeListItem>
<CodeListItem CodedValue="PHL">
<Decode>
<TranslatedText>Philippines</TranslatedText>
</Decode>
<Alias Name="C16978" Context="nci:ExtCodeID"/>
</CodeListItem>
<CodeListItem CodedValue="SOM">
<Decode>
<TranslatedText>Somalia</TranslatedText>
</Decode>
<Alias Name="C17149" Context="nci:ExtCodeID"/>
</CodeListItem>
<CodeListItem CodedValue="NFK">
<Decode>
<TranslatedText>Norfolk Island</TranslatedText>
</Decode>
<Alias Name="C16919" Context="nci:ExtCodeID"/>
</CodeListItem>
<CodeListItem CodedValue="JEY">
<Decode>
<TranslatedText>Jersey</TranslatedText>
</Decode>
<Alias Name="C64374" Context="nci:ExtCodeID"/>
</CodeListItem>
<CodeListItem CodedValue="NZL">
<Decode>
<TranslatedText>New Zealand</TranslatedText>
</Decode>
<Alias Name="C16914" Context="nci:ExtCodeID"/>
</CodeListItem>
<CodeListItem CodedValue="ARG">
<Decode>
<TranslatedText>Argentina</TranslatedText>
</Decode>
<Alias Name="C16305" Context="nci:ExtCodeID"/>
</CodeListItem>
<CodeListItem CodedValue="TLS">
<Decode>
<TranslatedText>Timor-Leste</TranslatedText>
</Decode>
<Alias Name="C17200" Context="nci:ExtCodeID"/>
</CodeListItem>
<CodeListItem CodedValue="HUN">
<Decode>
<TranslatedText>Hungary</TranslatedText>
</Decode>
<Alias Name="C16699" Context="nci:ExtCodeID"/>
</CodeListItem>
<CodeListItem CodedValue="UGA">
<Decode>
<TranslatedText>Uganda</TranslatedText>
</Decode>
<Alias Name="C17228" Context="nci:ExtCodeID"/>
</CodeListItem>
<CodeListItem CodedValue="BES">
<Decode>
<TranslatedText>Bonaire, Sint Eustatius and Saba</TranslatedText>
</Decode>
<Alias Name="C101224" Context="nci:ExtCodeID"/>
</CodeListItem>
<CodeListItem CodedValue="VEN">
<Decode>
<TranslatedText>Venezuela</TranslatedText>
</Decode>
<Alias Name="C17250" Context="nci:ExtCodeID"/>
</CodeListItem>
<CodeListItem CodedValue="MNG">
<Decode>
<TranslatedText>Mongolia</TranslatedText>
</Decode>
<Alias Name="C16875" Context="nci:ExtCodeID"/>
</CodeListItem>
<CodeListItem CodedValue="SMR">
<Decode>
<TranslatedText>San Marino</TranslatedText>
</Decode>
<Alias Name="C17115" Context="nci:ExtCodeID"/>
</CodeListItem>
<CodeListItem CodedValue="BEN">
<Decode>
<TranslatedText>Benin</TranslatedText>
</Decode>
<Alias Name="C16333" Context="nci:ExtCodeID"/>
</CodeListItem>
<CodeListItem CodedValue="SSD">
<Decode>
<TranslatedText>South Sudan</TranslatedText>
</Decode>
<Alias Name="C97351" Context="nci:ExtCodeID"/>
</CodeListItem>
<CodeListItem CodedValue="KHM">
<Decode>
<TranslatedText>Cambodia</TranslatedText>
</Decode>
<Alias Name="C16378" Context="nci:ExtCodeID"/>
</CodeListItem>
<CodeListItem CodedValue="SVN">
<Decode>
<TranslatedText>Slovenia</TranslatedText>
</Decode>
<Alias Name="C17138" Context="nci:ExtCodeID"/>
</CodeListItem>
<CodeListItem CodedValue="AGO">
<Decode>
<TranslatedText>Angola</TranslatedText>
</Decode>
<Alias Name="C16292" Context="nci:ExtCodeID"/>
</CodeListItem>
<CodeListItem CodedValue="SYC">
<Decode>
<TranslatedText>Seychelles</TranslatedText>
</Decode>
<Alias Name="C17129" Context="nci:ExtCodeID"/>
</CodeListItem>
<CodeListItem CodedValue="LBY">
<Decode>
<TranslatedText>Libyan Arab Jamahiriya</TranslatedText>
</Decode>
<Alias Name="C16793" Context="nci:ExtCodeID"/>
</CodeListItem>
<CodeListItem CodedValue="TGO">
<Decode>
<TranslatedText>Togo</TranslatedText>
</Decode>
<Alias Name="C17202" Context="nci:ExtCodeID"/>
</CodeListItem>
<CodeListItem CodedValue="BFA">
<Decode>
<TranslatedText>Burkina Faso</TranslatedText>
</Decode>
<Alias Name="C16369" Context="nci:ExtCodeID"/>
</CodeListItem>
<CodeListItem CodedValue="RUS">
<Decode>
<TranslatedText>Russian Federation</TranslatedText>
</Decode>
<Alias Name="C17111" Context="nci:ExtCodeID"/>
</CodeListItem>
<CodeListItem CodedValue="MAC">
<Decode>
<TranslatedText>Macao</TranslatedText>
</Decode>
<Alias Name="C16807" Context="nci:ExtCodeID"/>
</CodeListItem>
<CodeListItem CodedValue="SAU">
<Decode>
<TranslatedText>Saudi Arabia</TranslatedText>
</Decode>
<Alias Name="C17117" Context="nci:ExtCodeID"/>
</CodeListItem>
<CodeListItem CodedValue="BMU">
<Decode>
<TranslatedText>Bermuda</TranslatedText>
</Decode>
<Alias Name="C16334" Context="nci:ExtCodeID"/>
</CodeListItem>
<CodeListItem CodedValue="SEN">
<Decode>
<TranslatedText>Senegal</TranslatedText>
</Decode>
<Alias Name="C17121" Context="nci:ExtCodeID"/>
</CodeListItem>
<CodeListItem CodedValue="GRL">
<Decode>
<TranslatedText>Greenland</TranslatedText>
</Decode>
<Alias Name="C16646" Context="nci:ExtCodeID"/>
</CodeListItem>
<CodeListItem CodedValue="SGS">
<Decode>
<TranslatedText>South Georgia and the South Sandwich Islands</TranslatedText>
</Decode>
<Alias Name="C20111" Context="nci:ExtCodeID"/>
</CodeListItem>
<CodeListItem CodedValue="CZE">
<Decode>
<TranslatedText>Czech Republic</TranslatedText>
</Decode>
<Alias Name="C17668" Context="nci:ExtCodeID"/>
</CodeListItem>
<CodeListItem CodedValue="SJM">
<Decode>
<TranslatedText>Svalbard and Jan Mayen</TranslatedText>
</Decode>
<Alias Name="C17178" Context="nci:ExtCodeID"/>
</CodeListItem>
<CodeListItem CodedValue="GIB">
<Decode>
<TranslatedText>Gibraltar</TranslatedText>
</Decode>
<Alias Name="C16638" Context="nci:ExtCodeID"/>
</CodeListItem>
<CodeListItem CodedValue="NCL">
<Decode>
<TranslatedText>New Caledonia</TranslatedText>
</Decode>
<Alias Name="C16913" Context="nci:ExtCodeID"/>
</CodeListItem>
<CodeListItem CodedValue="ESH">
<Decode>
<TranslatedText>Western Sahara</TranslatedText>
</Decode>
<Alias Name="C20113" Context="nci:ExtCodeID"/>
</CodeListItem>
<CodeListItem CodedValue="BLM">
<Decode>
<TranslatedText>Saint Barthelemy</TranslatedText>
</Decode>
<Alias Name="C83609" Context="nci:ExtCodeID"/>
</CodeListItem>
<CodeListItem CodedValue="ARM">
<Decode>
<TranslatedText>Armenia</TranslatedText>
</Decode>
<Alias Name="C16306" Context="nci:ExtCodeID"/>
</CodeListItem>
<CodeListItem CodedValue="HND">
<Decode>
<TranslatedText>Honduras</TranslatedText>
</Decode>
<Alias Name="C16694" Context="nci:ExtCodeID"/>
</CodeListItem>
<CodeListItem CodedValue="FRO">
<Decode>
<TranslatedText>Faroe Islands</TranslatedText>
</Decode>
<Alias Name="C16573" Context="nci:ExtCodeID"/>
</CodeListItem>
<CodeListItem CodedValue="BLR">
<Decode>
<TranslatedText>Belarus</TranslatedText>
</Decode>
<Alias Name="C16372" Context="nci:ExtCodeID"/>
</CodeListItem>
<CodeListItem CodedValue="DOM">
<Decode>
<TranslatedText>Dominican Republic</TranslatedText>
</Decode>
<Alias Name="C16520" Context="nci:ExtCodeID"/>
</CodeListItem>
<CodeListItem CodedValue="LAO">
<Decode>
<TranslatedText>Lao People's Democratic Republic</TranslatedText>
</Decode>
<Alias Name="C16780" Context="nci:ExtCodeID"/>
</CodeListItem>
<CodeListItem CodedValue="GMB">
<Decode>
<TranslatedText>Gambia</TranslatedText>
</Decode>
<Alias Name="C16598" Context="nci:ExtCodeID"/>
</CodeListItem>
<CodeListItem CodedValue="ECU">
<Decode>
<TranslatedText>Ecuador</TranslatedText>
</Decode>
<Alias Name="C16528" Context="nci:ExtCodeID"/>
</CodeListItem>
<CodeListItem CodedValue="HTI">
<Decode>
<TranslatedText>Haiti</TranslatedText>
</Decode>
<Alias Name="C16660" Context="nci:ExtCodeID"/>
</CodeListItem>
<CodeListItem CodedValue="LCA">
<Decode>
<TranslatedText>Saint Lucia</TranslatedText>
</Decode>
<Alias Name="C17113" Context="nci:ExtCodeID"/>
</CodeListItem>
<CodeListItem CodedValue="ERI">
<Decode>
<TranslatedText>Eritrea</TranslatedText>
</Decode>
<Alias Name="C16558" Context="nci:ExtCodeID"/>
</CodeListItem>
<CodeListItem CodedValue="LKA">
<Decode>
<TranslatedText>Sri Lanka</TranslatedText>
</Decode>
<Alias Name="C17163" Context="nci:ExtCodeID"/>
</CodeListItem>
<CodeListItem CodedValue="KIR">
<Decode>
<TranslatedText>Kiribati</TranslatedText>
</Decode>
<Alias Name="C16639" Context="nci:ExtCodeID"/>
</CodeListItem>
<CodeListItem CodedValue="LTU">
<Decode>
<TranslatedText>Lithuania</TranslatedText>
</Decode>
<Alias Name="C16799" Context="nci:ExtCodeID"/>
</CodeListItem>
<CodeListItem CodedValue="ESP">
<Decode>
<TranslatedText>Spain</TranslatedText>
</Decode>
<Alias Name="C17152" Context="nci:ExtCodeID"/>
</CodeListItem>
<CodeListItem CodedValue="LVA">
<Decode>
<TranslatedText>Latvia</TranslatedText>
</Decode>
<Alias Name="C16783" Context="nci:ExtCodeID"/>
</CodeListItem>
<CodeListItem CodedValue="ATA">
<Decode>
<TranslatedText>Antarctica</TranslatedText>
</Decode>
<Alias Name="C18007" Context="nci:ExtCodeID"/>
</CodeListItem>
<CodeListItem CodedValue="MAF">
<Decode>
<TranslatedText>Saint Martin, French</TranslatedText>
</Decode>
<Alias Name="C83610" Context="nci:ExtCodeID"/>
</CodeListItem>
<CodeListItem CodedValue="BOL">
<Decode>
<TranslatedText>Bolivia</TranslatedText>
</Decode>
<Alias Name="C16359" Context="nci:ExtCodeID"/>
</CodeListItem>
<CodeListItem CodedValue="IRL">
<Decode>
<TranslatedText>Ireland</TranslatedText>
</Decode>
<Alias Name="C16757" Context="nci:ExtCodeID"/>
</CodeListItem>
<CodeListItem CodedValue="BVT">
<Decode>
<TranslatedText>Bouvet Island</TranslatedText>
</Decode>
<Alias Name="C20104" Context="nci:ExtCodeID"/>
</CodeListItem>
<CodeListItem CodedValue="GRD">
<Decode>
<TranslatedText>Grenada</TranslatedText>
</Decode>
<Alias Name="C16647" Context="nci:ExtCodeID"/>
</CodeListItem>
<CodeListItem CodedValue="CYP">
<Decode>
<TranslatedText>Cyprus</TranslatedText>
</Decode>
<Alias Name="C16480" Context="nci:ExtCodeID"/>
</CodeListItem>
<CodeListItem CodedValue="IRQ">
<Decode>
<TranslatedText>Iraq</TranslatedText>
</Decode>
<Alias Name="C16756" Context="nci:ExtCodeID"/>
</CodeListItem>
<CodeListItem CodedValue="AFG">
<Decode>
<TranslatedText>Afghanistan</TranslatedText>
</Decode>
<Alias Name="C16267" Context="nci:ExtCodeID"/>
</CodeListItem>
<CodeListItem CodedValue="GHA">
<Decode>
<TranslatedText>Ghana</TranslatedText>
</Decode>
<Alias Name="C26330" Context="nci:ExtCodeID"/>
</CodeListItem>
<CodeListItem CodedValue="CYM">
<Decode>
<TranslatedText>Cayman Islands</TranslatedText>
</Decode>
<Alias Name="C16391" Context="nci:ExtCodeID"/>
</CodeListItem>
<CodeListItem CodedValue="ISR">
<Decode>
<TranslatedText>Israel</TranslatedText>
</Decode>
<Alias Name="C16760" Context="nci:ExtCodeID"/>
</CodeListItem>
<CodeListItem CodedValue="HKG">
<Decode>
<TranslatedText>Hong Kong</TranslatedText>
</Decode>
<Alias Name="C16695" Context="nci:ExtCodeID"/>
</CodeListItem>
<CodeListItem CodedValue="LBR">
<Decode>
<TranslatedText>Liberia</TranslatedText>
</Decode>
<Alias Name="C16791" Context="nci:ExtCodeID"/>
</CodeListItem>
<CodeListItem CodedValue="DMA">
<Decode>
<TranslatedText>Dominica</TranslatedText>
</Decode>
<Alias Name="C16519" Context="nci:ExtCodeID"/>
</CodeListItem>
<CodeListItem CodedValue="GTM">
<Decode>
<TranslatedText>Guatemala</TranslatedText>
</Decode>
<Alias Name="C16654" Context="nci:ExtCodeID"/>
</CodeListItem>
<CodeListItem CodedValue="AND">
<Decode>
<TranslatedText>Andorra</TranslatedText>
</Decode>
<Alias Name="C16289" Context="nci:ExtCodeID"/>
</CodeListItem>
<CodeListItem CodedValue="JAM">
<Decode>
<TranslatedText>Jamaica</TranslatedText>
</Decode>
<Alias Name="C16763" Context="nci:ExtCodeID"/>
</CodeListItem>
<CodeListItem CodedValue="ATG">
<Decode>
<TranslatedText>Antigua and Barbuda</TranslatedText>
</Decode>
<Alias Name="C16303" Context="nci:ExtCodeID"/>
</CodeListItem>
<CodeListItem CodedValue="GAB">
<Decode>
<TranslatedText>Gabon</TranslatedText>
</Decode>
<Alias Name="C16596" Context="nci:ExtCodeID"/>
</CodeListItem>
<CodeListItem CodedValue="CUW">
<Decode>
<TranslatedText>Curacao</TranslatedText>
</Decode>
<Alias Name="C101225" Context="nci:ExtCodeID"/>
</CodeListItem>
<CodeListItem CodedValue="JOR">
<Decode>
<TranslatedText>Jordan</TranslatedText>
</Decode>
<Alias Name="C16765" Context="nci:ExtCodeID"/>
</CodeListItem>
<CodeListItem CodedValue="CCK">
<Decode>
<TranslatedText>Cocos (Keeling) Islands</TranslatedText>
</Decode>
<Alias Name="C16445" Context="nci:ExtCodeID"/>
</CodeListItem>
<CodeListItem CodedValue="FLK">
<Decode>
<TranslatedText>Falkland Islands (Malvinas)</TranslatedText>
</Decode>
<Alias Name="C17954" Context="nci:ExtCodeID"/>
</CodeListItem>
<CodeListItem CodedValue="WLF">
<Decode>
<TranslatedText>Wallis and Futuna</TranslatedText>
</Decode>
<Alias Name="C17259" Context="nci:ExtCodeID"/>
</CodeListItem>
<CodeListItem CodedValue="FSM">
<Decode>
<TranslatedText>Micronesia, Federated States of</TranslatedText>
</Decode>
<Alias Name="C17881" Context="nci:ExtCodeID"/>
</CodeListItem>
<CodeListItem CodedValue="DZA">
<Decode>
<TranslatedText>Algeria</TranslatedText>
</Decode>
<Alias Name="C16274" Context="nci:ExtCodeID"/>
</CodeListItem>
<CodeListItem CodedValue="GRC">
<Decode>
<TranslatedText>Greece</TranslatedText>
</Decode>
<Alias Name="C16645" Context="nci:ExtCodeID"/>
</CodeListItem>
<CodeListItem CodedValue="WSM">
<Decode>
<TranslatedText>Samoa</TranslatedText>
</Decode>
<Alias Name="C17740" Context="nci:ExtCodeID"/>
</CodeListItem>
<CodeListItem CodedValue="MAR">
<Decode>
<TranslatedText>Morocco</TranslatedText>
</Decode>
<Alias Name="C16878" Context="nci:ExtCodeID"/>
</CodeListItem>
<CodeListItem CodedValue="BEL">
<Decode>
<TranslatedText>Belgium</TranslatedText>
</Decode>
<Alias Name="C16329" Context="nci:ExtCodeID"/>
</CodeListItem>
<CodeListItem CodedValue="VAT">
<Decode>
<TranslatedText>Holy See (Vatican City State)</TranslatedText>
</Decode>
<Alias Name="C17249" Context="nci:ExtCodeID"/>
</CodeListItem>
<CodeListItem CodedValue="YEM">
<Decode>
<TranslatedText>Yemen</TranslatedText>
</Decode>
<Alias Name="C17264" Context="nci:ExtCodeID"/>
</CodeListItem>
<CodeListItem CodedValue="SXM">
<Decode>
<TranslatedText>Sint Maarten (Dutch Part)</TranslatedText>
</Decode>
<Alias Name="C101226" Context="nci:ExtCodeID"/>
</CodeListItem>
<CodeListItem CodedValue="CHE">
<Decode>
<TranslatedText>Switzerland</TranslatedText>
</Decode>
<Alias Name="C17181" Context="nci:ExtCodeID"/>
</CodeListItem>
<CodeListItem CodedValue="SHN">
<Decode>
<TranslatedText>Saint Helena</TranslatedText>
</Decode>
<Alias Name="C17164" Context="nci:ExtCodeID"/>
</CodeListItem>
<CodeListItem CodedValue="VUT">
<Decode>
<TranslatedText>Vanuatu</TranslatedText>
</Decode>
<Alias Name="C17247" Context="nci:ExtCodeID"/>
</CodeListItem>
<CodeListItem CodedValue="NPL">
<Decode>
<TranslatedText>Nepal</TranslatedText>
</Decode>
<Alias Name="C16901" Context="nci:ExtCodeID"/>
</CodeListItem>
<CodeListItem CodedValue="CIV">
<Decode>
<TranslatedText>Cote d'Ivoire</TranslatedText>
</Decode>
<Alias Name="C16762" Context="nci:ExtCodeID"/>
</CodeListItem>
<CodeListItem CodedValue="PSE">
<Decode>
<TranslatedText>Palestinian Territory, Occupied</TranslatedText>
</Decode>
<Alias Name="C20110" Context="nci:ExtCodeID"/>
</CodeListItem>
<CodeListItem CodedValue="KNA">
<Decode>
<TranslatedText>Saint Kitts and Nevis</TranslatedText>
</Decode>
<Alias Name="C17885" Context="nci:ExtCodeID"/>
</CodeListItem>
<CodeListItem CodedValue="TTO">
<Decode>
<TranslatedText>Trinidad and Tobago</TranslatedText>
</Decode>
<Alias Name="C17217" Context="nci:ExtCodeID"/>
</CodeListItem>
<CodeListItem CodedValue="CHN">
<Decode>
<TranslatedText>China</TranslatedText>
</Decode>
<Alias Name="C16428" Context="nci:ExtCodeID"/>
</CodeListItem>
<CodeListItem CodedValue="UMI">
<Decode>
<TranslatedText>United States Minor Outlying Islands</TranslatedText>
</Decode>
<Alias Name="C20112" Context="nci:ExtCodeID"/>
</CodeListItem>
<CodeListItem CodedValue="HMD">
<Decode>
<TranslatedText>Heard Island and McDonald Islands</TranslatedText>
</Decode>
<Alias Name="C20106" Context="nci:ExtCodeID"/>
</CodeListItem>
<CodeListItem CodedValue="SLB">
<Decode>
<TranslatedText>Solomon Islands</TranslatedText>
</Decode>
<Alias Name="C17148" Context="nci:ExtCodeID"/>
</CodeListItem>
<CodeListItem CodedValue="MLI">
<Decode>
<TranslatedText>Mali</TranslatedText>
</Decode>
<Alias Name="C16816" Context="nci:ExtCodeID"/>
</CodeListItem>
<CodeListItem CodedValue="STP">
<Decode>
<TranslatedText>Sao Tome and Principe</TranslatedText>
</Decode>
<Alias Name="C17116" Context="nci:ExtCodeID"/>
</CodeListItem>
<CodeListItem CodedValue="CMR">
<Decode>
<TranslatedText>Cameroon</TranslatedText>
</Decode>
<Alias Name="C16379" Context="nci:ExtCodeID"/>
</CodeListItem>
<CodeListItem CodedValue="SWE">
<Decode>
<TranslatedText>Sweden</TranslatedText>
</Decode>
<Alias Name="C17180" Context="nci:ExtCodeID"/>
</CodeListItem>
<CodeListItem CodedValue="KEN">
<Decode>
<TranslatedText>Kenya</TranslatedText>
</Decode>
<Alias Name="C16769" Context="nci:ExtCodeID"/>
</CodeListItem>
<CodeListItem CodedValue="SYR">
<Decode>
<TranslatedText>Syrian Arab Republic</TranslatedText>
</Decode>
<Alias Name="C17182" Context="nci:ExtCodeID"/>
</CodeListItem>
<CodeListItem CodedValue="COK">
<Decode>
<TranslatedText>Cook Islands</TranslatedText>
</Decode>
<Alias Name="C16469" Context="nci:ExtCodeID"/>
</CodeListItem>
<CodeListItem CodedValue="THA">
<Decode>
<TranslatedText>Thailand</TranslatedText>
</Decode>
<Alias Name="C17192" Context="nci:ExtCodeID"/>
</CodeListItem>
<CodeListItem CodedValue="LBN">
<Decode>
<TranslatedText>Lebanon</TranslatedText>
</Decode>
<Alias Name="C16784" Context="nci:ExtCodeID"/>
</CodeListItem>
<CodeListItem CodedValue="RWA">
<Decode>
<TranslatedText>Rwanda</TranslatedText>
</Decode>
<Alias Name="C17112" Context="nci:ExtCodeID"/>
</CodeListItem>
<CodeListItem CodedValue="BIH">
<Decode>
<TranslatedText>Bosnia and Herzegovina</TranslatedText>
</Decode>
<Alias Name="C16361" Context="nci:ExtCodeID"/>
</CodeListItem>
<CodeListItem CodedValue="PCN">
<Decode>
<TranslatedText>Pitcairn</TranslatedText>
</Decode>
<Alias Name="C16993" Context="nci:ExtCodeID"/>
</CodeListItem>
<CodeListItem CodedValue="LUX">
<Decode>
<TranslatedText>Luxembourg</TranslatedText>
</Decode>
<Alias Name="C16803" Context="nci:ExtCodeID"/>
</CodeListItem>
<CodeListItem CodedValue="SGP">
<Decode>
<TranslatedText>Singapore</TranslatedText>
</Decode>
<Alias Name="C17134" Context="nci:ExtCodeID"/>
</CodeListItem>
<CodeListItem CodedValue="CHL">
<Decode>
<TranslatedText>Chile</TranslatedText>
</Decode>
<Alias Name="C16427" Context="nci:ExtCodeID"/>
</CodeListItem>
<CodeListItem CodedValue="NLD">
<Decode>
<TranslatedText>Netherlands</TranslatedText>
</Decode>
<Alias Name="C16903" Context="nci:ExtCodeID"/>
</CodeListItem>
<CodeListItem CodedValue="ISL">
<Decode>
<TranslatedText>Iceland</TranslatedText>
</Decode>
<Alias Name="C16704" Context="nci:ExtCodeID"/>
</CodeListItem>
<CodeListItem CodedValue="PLW">
<Decode>
<TranslatedText>Palau</TranslatedText>
</Decode>
<Alias Name="C17733" Context="nci:ExtCodeID"/>
</CodeListItem>
<CodeListItem CodedValue="COG">
<Decode>
<TranslatedText>Congo</TranslatedText>
</Decode>
<Alias Name="C16467" Context="nci:ExtCodeID"/>
</CodeListItem>
<CodeListItem CodedValue="NOR">
<Decode>
<TranslatedText>Norway</TranslatedText>
</Decode>
<Alias Name="C16920" Context="nci:ExtCodeID"/>
</CodeListItem>
<CodeListItem CodedValue="GUF">
<Decode>
<TranslatedText>French Guiana</TranslatedText>
</Decode>
<Alias Name="C16593" Context="nci:ExtCodeID"/>
</CodeListItem>
<CodeListItem CodedValue="POL">
<Decode>
<TranslatedText>Poland</TranslatedText>
</Decode>
<Alias Name="C17002" Context="nci:ExtCodeID"/>
</CodeListItem>
<CodeListItem CodedValue="CRI">
<Decode>
<TranslatedText>Costa Rica</TranslatedText>
</Decode>
<Alias Name="C16470" Context="nci:ExtCodeID"/>
</CodeListItem>
<CodeListItem CodedValue="NAM">
<Decode>
<TranslatedText>Namibia</TranslatedText>
</Decode>
<Alias Name="C16891" Context="nci:ExtCodeID"/>
</CodeListItem>
<CodeListItem CodedValue="GUY">
<Decode>
<TranslatedText>Guyana</TranslatedText>
</Decode>
<Alias Name="C16657" Context="nci:ExtCodeID"/>
</CodeListItem>
<CodeListItem CodedValue="PRK">
<Decode>
<TranslatedText>Korea, Democratic People's Republic of</TranslatedText>
</Decode>
<Alias Name="C16773" Context="nci:ExtCodeID"/>
</CodeListItem>
<CodeListItem CodedValue="COL">
<Decode>
<TranslatedText>Colombia</TranslatedText>
</Decode>
<Alias Name="C16449" Context="nci:ExtCodeID"/>
</CodeListItem>
<CodeListItem CodedValue="NRU">
<Decode>
<TranslatedText>Nauru</TranslatedText>
</Decode>
<Alias Name="C16896" Context="nci:ExtCodeID"/>
</CodeListItem>
<CodeListItem CodedValue="GBR">
<Decode>
<TranslatedText>United Kingdom</TranslatedText>
</Decode>
<Alias Name="C17233" Context="nci:ExtCodeID"/>
</CodeListItem>
<CodeListItem CodedValue="PRY">
<Decode>
<TranslatedText>Paraguay</TranslatedText>
</Decode>
<Alias Name="C16953" Context="nci:ExtCodeID"/>
</CodeListItem>
<CodeListItem CodedValue="KGZ">
<Decode>
<TranslatedText>Kyrgyzstan</TranslatedText>
</Decode>
<Alias Name="C16771" Context="nci:ExtCodeID"/>
</CodeListItem>
<CodeListItem CodedValue="NGA">
<Decode>
<TranslatedText>Nigeria</TranslatedText>
</Decode>
<Alias Name="C16917" Context="nci:ExtCodeID"/>
</CodeListItem>
<CodeListItem CodedValue="HRV">
<Decode>
<TranslatedText>Croatia</TranslatedText>
</Decode>
<Alias Name="C16474" Context="nci:ExtCodeID"/>
</CodeListItem>
<CodeListItem CodedValue="PYF">
<Decode>
<TranslatedText>French Polynesia</TranslatedText>
</Decode>
<Alias Name="C16594" Context="nci:ExtCodeID"/>
</CodeListItem>
<CodeListItem CodedValue="CPV">
<Decode>
<TranslatedText>Cape Verde</TranslatedText>
</Decode>
<Alias Name="C16382" Context="nci:ExtCodeID"/>
</CodeListItem>
<CodeListItem CodedValue="OMN">
<Decode>
<TranslatedText>Oman</TranslatedText>
</Decode>
<Alias Name="C16933" Context="nci:ExtCodeID"/>
</CodeListItem>
<CodeListItem CodedValue="GNB">
<Decode>
<TranslatedText>Guinea-Bissau</TranslatedText>
</Decode>
<Alias Name="C16656" Context="nci:ExtCodeID"/>
</CodeListItem>
<CodeListItem CodedValue="REU">
<Decode>
<TranslatedText>Reunion</TranslatedText>
</Decode>
<Alias Name="C17095" Context="nci:ExtCodeID"/>
</CodeListItem>
<CodeListItem CodedValue="ASM">
<Decode>
<TranslatedText>American Samoa</TranslatedText>
</Decode>
<Alias Name="C17739" Context="nci:ExtCodeID"/>
</CodeListItem>
<CodeListItem CodedValue="TKM">
<Decode>
<TranslatedText>Turkmenistan</TranslatedText>
</Decode>
<Alias Name="C17223" Context="nci:ExtCodeID"/>
</CodeListItem>
<CodeListItem CodedValue="IMN">
<Decode>
<TranslatedText>Isle of Man</TranslatedText>
</Decode>
<Alias Name="C44480" Context="nci:ExtCodeID"/>
</CodeListItem>
<CodeListItem CodedValue="TON">
<Decode>
<TranslatedText>Tonga</TranslatedText>
</Decode>
<Alias Name="C17205" Context="nci:ExtCodeID"/>
</CodeListItem>
<CodeListItem CodedValue="CUB">
<Decode>
<TranslatedText>Cuba</TranslatedText>
</Decode>
<Alias Name="C16477" Context="nci:ExtCodeID"/>
</CodeListItem>
<CodeListItem CodedValue="TUN">
<Decode>
<TranslatedText>Tunisia</TranslatedText>
</Decode>
<Alias Name="C17221" Context="nci:ExtCodeID"/>
</CodeListItem>
<CodeListItem CodedValue="MDA">
<Decode>
<TranslatedText>Moldova, Republic of</TranslatedText>
</Decode>
<Alias Name="C16871" Context="nci:ExtCodeID"/>
</CodeListItem>
<CodeListItem CodedValue="TUV">
<Decode>
<TranslatedText>Tuvalu</TranslatedText>
</Decode>
<Alias Name="C17225" Context="nci:ExtCodeID"/>
</CodeListItem>
<CodeListItem CodedValue="AUS">
<Decode>
<TranslatedText>Australia</TranslatedText>
</Decode>
<Alias Name="C16311" Context="nci:ExtCodeID"/>
</CodeListItem>
<CodeListItem CodedValue="TZA">
<Decode>
<TranslatedText>Tanzania, United Republic of</TranslatedText>
</Decode>
<Alias Name="C17185" Context="nci:ExtCodeID"/>
</CodeListItem>
<CodeListItem CodedValue="MHL">
<Decode>
<TranslatedText>Marshall Islands</TranslatedText>
</Decode>
<Alias Name="C16822" Context="nci:ExtCodeID"/>
</CodeListItem>
<CodeListItem CodedValue="UKR">
<Decode>
<TranslatedText>Ukraine</TranslatedText>
</Decode>
<Alias Name="C17229" Context="nci:ExtCodeID"/>
</CodeListItem>
<CodeListItem CodedValue="BHR">
<Decode>
<TranslatedText>Bahrain</TranslatedText>
</Decode>
<Alias Name="C16322" Context="nci:ExtCodeID"/>
</CodeListItem>
<CodeListItem CodedValue="URY">
<Decode>
<TranslatedText>Uruguay</TranslatedText>
</Decode>
<Alias Name="C17244" Context="nci:ExtCodeID"/>
</CodeListItem>
<CodeListItem CodedValue="MMR">
<Decode>
<TranslatedText>Myanmar</TranslatedText>
</Decode>
<Alias Name="C16370" Context="nci:ExtCodeID"/>
</CodeListItem>
<CodeListItem CodedValue="UZB">
<Decode>
<TranslatedText>Uzbekistan</TranslatedText>
</Decode>
<Alias Name="C17246" Context="nci:ExtCodeID"/>
</CodeListItem>
<CodeListItem CodedValue="EST">
<Decode>
<TranslatedText>Estonia</TranslatedText>
</Decode>
<Alias Name="C16562" Context="nci:ExtCodeID"/>
</CodeListItem>
<CodeListItem CodedValue="VCT">
<Decode>
<TranslatedText>Saint Vincent and the Grenadines</TranslatedText>
</Decode>
<Alias Name="C17114" Context="nci:ExtCodeID"/>
</CodeListItem>
<CodeListItem CodedValue="MOZ">
<Decode>
<TranslatedText>Mozambique</TranslatedText>
</Decode>
<Alias Name="C16882" Context="nci:ExtCodeID"/>
</CodeListItem>
<CodeListItem CodedValue="VGB">
<Decode>
<TranslatedText>Virgin Islands, British</TranslatedText>
</Decode>
<Alias Name="C17653" Context="nci:ExtCodeID"/>
</CodeListItem>
<CodeListItem CodedValue="ARE">
<Decode>
<TranslatedText>United Arab Emirates</TranslatedText>
</Decode>
<Alias Name="C17232" Context="nci:ExtCodeID"/>
</CodeListItem>
<CodeListItem CodedValue="MYT">
<Decode>
<TranslatedText>Mayotte</TranslatedText>
</Decode>
<Alias Name="C16828" Context="nci:ExtCodeID"/>
</CodeListItem>
<CodeListItem CodedValue="MUS">
<Decode>
<TranslatedText>Mauritius</TranslatedText>
</Decode>
<Alias Name="C16827" Context="nci:ExtCodeID"/>
</CodeListItem>
<CodeListItem CodedValue="NIC">
<Decode>
<TranslatedText>Nicaragua</TranslatedText>
</Decode>
<Alias Name="C16915" Context="nci:ExtCodeID"/>
</CodeListItem>
<CodeListItem CodedValue="KOR">
<Decode>
<TranslatedText>Korea, Republic of</TranslatedText>
</Decode>
<Alias Name="C16774" Context="nci:ExtCodeID"/>
</CodeListItem>
<CodeListItem CodedValue="GIN">
<Decode>
<TranslatedText>Guinea</TranslatedText>
</Decode>
<Alias Name="C16655" Context="nci:ExtCodeID"/>
</CodeListItem>
<CodeListItem CodedValue="KAZ">
<Decode>
<TranslatedText>Kazakhstan</TranslatedText>
</Decode>
<Alias Name="C20107" Context="nci:ExtCodeID"/>
</CodeListItem>
<CodeListItem CodedValue="DEU">
<Decode>
<TranslatedText>Germany</TranslatedText>
</Decode>
<Alias Name="C16636" Context="nci:ExtCodeID"/>
</CodeListItem>
<CodeListItem CodedValue="TKL">
<Decode>
<TranslatedText>Tokelau</TranslatedText>
</Decode>
<Alias Name="C17704" Context="nci:ExtCodeID"/>
</CodeListItem>
<CodeListItem CodedValue="EGY">
<Decode>
<TranslatedText>Egypt</TranslatedText>
</Decode>
<Alias Name="C16530" Context="nci:ExtCodeID"/>
</CodeListItem>
<CodeListItem CodedValue="BHS">
<Decode>
<TranslatedText>Bahamas</TranslatedText>
</Decode>
<Alias Name="C16321" Context="nci:ExtCodeID"/>
</CodeListItem>
<CodeListItem CodedValue="ROU">
<Decode>
<TranslatedText>Romania</TranslatedText>
</Decode>
<Alias Name="C17108" Context="nci:ExtCodeID"/>
</CodeListItem>
<CodeListItem CodedValue="CAF">
<Decode>
<TranslatedText>Central African Republic</TranslatedText>
</Decode>
<Alias Name="C16409" Context="nci:ExtCodeID"/>
</CodeListItem>
<CodeListItem CodedValue="GUM">
<Decode>
<TranslatedText>Guam</TranslatedText>
</Decode>
<Alias Name="C16652" Context="nci:ExtCodeID"/>
</CodeListItem>
<CodeListItem CodedValue="PAK">
<Decode>
<TranslatedText>Pakistan</TranslatedText>
</Decode>
<Alias Name="C16949" Context="nci:ExtCodeID"/>
</CodeListItem>
<Alias Name="C66786" Context="nci:ExtCodeID"/>
</CodeList>

<CodeList OID ="CL.ETHNIC" Name="Ethnic Group" DataType="text">
<EnumeratedItem CodedValue="HISPANIC OR LATINO">
<Alias Name="C17459" Context="nci:ExtCodeID"/>
</EnumeratedItem>
<EnumeratedItem CodedValue="NOT APPLICABLE">
<Alias Name="C48660" Context="nci:ExtCodeID"/>
</EnumeratedItem>
<EnumeratedItem CodedValue="NOT HISPANIC OR LATINO">
<Alias Name="C41222" Context="nci:ExtCodeID"/>
</EnumeratedItem>
<Alias Name="C66790" Context="nci:ExtCodeID"/>
</CodeList>

<CodeList OID ="CL.NY" Name="No Yes Response" DataType="text">
<CodeListItem CodedValue="N">
<Decode>
<TranslatedText>No</TranslatedText>
</Decode>
<Alias Name="C49487" Context="nci:ExtCodeID"/>
</CodeListItem>
<CodeListItem CodedValue="Y">
<Decode>
<TranslatedText>Yes</TranslatedText>
</Decode>
<Alias Name="C49488" Context="nci:ExtCodeID"/>
</CodeListItem>
<Alias Name="C66742" Context="nci:ExtCodeID"/>
</CodeList>

<CodeList OID ="CL.NY_Y" Name="No Yes Response (Subset for 'Y')" DataType="text">
<CodeListItem CodedValue="Y">
<Decode>
<TranslatedText>Yes</TranslatedText>
</Decode>
<Alias Name="C49488" Context="nci:ExtCodeID"/>
</CodeListItem>
<Alias Name="C66742" Context="nci:ExtCodeID"/>
</CodeList>

<CodeList OID ="CL.OUT" Name="Outcome of Event" DataType="text">
<EnumeratedItem CodedValue="FATAL">
<Alias Name="C48275" Context="nci:ExtCodeID"/>
</EnumeratedItem>
<EnumeratedItem CodedValue="NOT RECOVERED/NOT RESOLVED">
<Alias Name="C49494" Context="nci:ExtCodeID"/>
</EnumeratedItem>
<EnumeratedItem CodedValue="RECOVERED/RESOLVED">
<Alias Name="C49498" Context="nci:ExtCodeID"/>
</EnumeratedItem>
<EnumeratedItem CodedValue="RECOVERED/RESOLVED WITH SEQUELAE">
<Alias Name="C49495" Context="nci:ExtCodeID"/>
</EnumeratedItem>
<EnumeratedItem CodedValue="RECOVERING/RESOLVING">
<Alias Name="C49496" Context="nci:ExtCodeID"/>
</EnumeratedItem>
<EnumeratedItem CodedValue="UNKNOWN">
<Alias Name="C17998" Context="nci:ExtCodeID"/>
</EnumeratedItem>
<Alias Name="C66768" Context="nci:ExtCodeID"/>
</CodeList>

<CodeList OID ="CL.RACE_ALL" Name="Race" DataType="text">
<EnumeratedItem CodedValue="AMERICAN INDIAN OR ALASKA NATIVE">
<Alias Name="C41259" Context="nci:ExtCodeID"/>
</EnumeratedItem>
<EnumeratedItem CodedValue="ASIAN">
<Alias Name="C41260" Context="nci:ExtCodeID"/>
</EnumeratedItem>
<EnumeratedItem CodedValue="WHITE">
<Alias Name="C41261" Context="nci:ExtCodeID"/>
</EnumeratedItem>
<EnumeratedItem CodedValue="BLACK OR AFRICAN AMERICAN">
<Alias Name="C16352" Context="nci:ExtCodeID"/>
</EnumeratedItem>
<EnumeratedItem CodedValue="MULTIPLE" def:ExtendedValue="Yes"/>
<EnumeratedItem CodedValue="NATIVE HAWAIIAN OR OTHER PACIFIC ISLANDER">
<Alias Name="C41219" Context="nci:ExtCodeID"/>
</EnumeratedItem>
<Alias Name="C74457" Context="nci:ExtCodeID"/>
</CodeList>

<CodeList OID ="CL.SEX" Name="Sex" DataType="text">
<CodeListItem CodedValue="F">
<Decode>
<TranslatedText>Female</TranslatedText>
</Decode>
<Alias Name="C16576" Context="nci:ExtCodeID"/>
</CodeListItem>
<CodeListItem CodedValue="M">
<Decode>
<TranslatedText>Male</TranslatedText>
</Decode>
<Alias Name="C20197" Context="nci:ExtCodeID"/>
</CodeListItem>
<Alias Name="C66731" Context="nci:ExtCodeID"/>
</CodeList>

<CodeList OID ="CL2.AERELNST" Name=" " DataType="text">
<EnumeratedItem CodedValue="Study Disease"/>
<EnumeratedItem CodedValue="Study Procedure"/>
</CodeList>

<CodeList OID ="CL3.AGEU" Name="Age Unit" DataType="text">
<CodeListItem CodedValue="YEARS">
<Decode>
<TranslatedText>Year</TranslatedText>
</Decode>
<Alias Name="C29848" Context="nci:ExtCodeID"/>
</CodeListItem>
<Alias Name="C66781" Context="nci:ExtCodeID"/>
</CodeList>

<CodeList OID ="CL3.STENRF" Name="Relation to Reference Period" DataType="text">
<CodeListItem CodedValue="AFTER">
<Decode>
<TranslatedText>Post</TranslatedText>
</Decode>
<Alias Name="C38008" Context="nci:ExtCodeID"/>
</CodeListItem>
<Alias Name="C66728" Context="nci:ExtCodeID"/>
</CodeList>

<CodeList OID="CL.MEDDRA14" Name="Adverse Events Dictionary" DataType="text">
<ExternalCodeList Dictionary="MEDDRA" Version="14"/>
</CodeList>

</MetaDataVersion>
</Study>
</ODM>
